<?xml version="1.0" encoding="UTF-8"?>
<project-private xmlns="http://www.netbeans.org/ns/project-private/1">
    <editor-bookmarks xmlns="http://www.netbeans.org/ns/editor-bookmarks/2" lastBookmarkId="0"/>
    <open-files xmlns="http://www.netbeans.org/ns/projectui-open-files/2">
        <group>
            <file>file:/C:/Users/aron_/OneDrive/Documentos/NetBeansProjects/Metodos%20de%20ordenamiento/src/metodos/de/ordenamiento/OrdenamientoInsercion.java</file>
            <file>file:/C:/Users/aron_/OneDrive/Documentos/NetBeansProjects/Metodos%20de%20ordenamiento/src/metodos/de/ordenamiento/OrdenamientoSeleccion.java</file>
            <file>file:/C:/Users/aron_/OneDrive/Documentos/NetBeansProjects/Metodos%20de%20ordenamiento/src/metodos/de/ordenamiento/OrdenamientoBurbuja.java</file>
            <file>file:/C:/Users/aron_/OneDrive/Documentos/NetBeansProjects/Metodos%20de%20ordenamiento/src/metodos/de/ordenamiento/MetodosDeOrdenamiento.java</file>
        </group>
    </open-files>
</project-private>
